question,answer,category
How many courses does NIU currently list?,NIU's current Schools page describes 75+ multidisciplinary courses offered through 13 schools.,University Information
How many schools does NIU currently list?,"NIU's current Schools page describes 13 schools offering 75+ multidisciplinary courses. Some newer 2026–27 programme pages may present a different school count, so applicants should refer to the latest NIU programme listing for the current count.",University Information
Does NIU offer BTech Computer Science and Engineering?,Yes. The 2026-27 course and fee page lists B.Tech Computer Science & Engineering as a four-year undergraduate program.,Courses & Programs
Can students get btech computer science and engineering at NIU?,Yes. The 2026-27 course and fee page lists B.Tech Computer Science & Engineering as a four-year undergraduate program.,Courses & Programs
Does NIU provide btech computer science and engineering?,Yes. The 2026-27 course and fee page lists B.Tech Computer Science & Engineering as a four-year undergraduate program.,Courses & Programs
What is the duration of B.Tech Computer Science and Engineering at NIU?,B.Tech Computer Science & Engineering is listed as a 4-year programme for 2026-27.,Courses & Programs
What is the programme length for B.Tech Civil Engineering at NIU?,B.Tech Civil Engineering is listed as a 4-year programme.,Courses & Programs
Is btech computer science and engineering available at NIU?,Yes. The 2026-27 course and fee page lists B.Tech Computer Science & Engineering as a four-year undergraduate program.,Courses & Programs
How long is B.Tech Civil Engineering at NIU?,B.Tech Civil Engineering is listed as a 4-year programme.,Courses & Programs
What is the duration of B.Tech Mechanical Engineering at NIU?,B.Tech Mechanical Engineering is listed as a 4-year programme.,Courses & Programs
What is the eligibility for B.Tech at NIU?,"For the relevant B.Tech programmes, the 2026-27 course page lists minimum 50% marks in 10+2 with Physics, Mathematics and Chemistry. Applicants should verify the exact programme.",Admissions & Eligibility
What is the eligibility for B.Tech Biotechnology at NIU?,"The 2026-27 course page lists minimum 50% marks in 10+2 with Physics and Maths/Biology as compulsory and any one from Chemistry, Biotechnology or Biology for B.Tech Biotechnology.",Admissions & Eligibility
What are the eligibility requirements for B.Tech at NIU?,"For the relevant B.Tech programmes, the 2026-27 course page lists minimum 50% marks in 10+2 with Physics, Mathematics and Chemistry. Applicants should verify the exact programme.",Admissions & Eligibility
What are the eligibility requirements for B.Tech Biotechnology at NIU?,"The 2026-27 course page lists minimum 50% marks in 10+2 with Physics and Maths/Biology as compulsory and any one from Chemistry, Biotechnology or Biology for B.Tech Biotechnology.",Admissions & Eligibility
Are Class 12 marksheets required for NIU Online UG admission?,Yes. NIU Online lists Class 10 and 12 marksheets for UG applicants.,Admissions & Eligibility
What are the eligibility requirements for Online MBA at NIU?,Online MBA requires a bachelor's degree in any discipline from a recognised university or equivalent.,Admissions & Eligibility
Is a passport-size photograph required for NIU Online admission?,Yes. NIU Online lists a passport-size photograph among basic application documents.,Admissions & Eligibility
Is a graduation marksheet required for NIU Online PG admission?,Yes. NIU Online lists the graduation marksheet/degree for PG applicants.,Admissions & Eligibility
What is the listed fee for B.Tech Computer Science and Engineering at NIU?,"The 2026-27 course page lists the full course fee for B.Tech Computer Science & Engineering as ₹7,07,700.",Fees & Scholarships
What is the listed fee for B.Tech Biotechnology at NIU?,"The 2026-27 course page lists the full course fee for B.Tech Biotechnology as ₹5,89,000.",Fees & Scholarships
Are NIU scholarships applicable to all fees?,No. NIU's 2026–27 fee structure states that the listed scholarships are applicable only to tuition fees for the first year.,Fees & Scholarships
Can NIU Online fees be paid in instalments?,Yes. NIU Online provides semester-wise payment and EMI/instalment options.,Fees & Scholarships
Are NIU scholarships applicable to tuition fees?,"NIU states that its published scholarships are applied to applicable tuition fees and may exclude items such as application, examination, activity, security, hostel and transport charges.",Fees & Scholarships
Does an NIU scholarship cover hostel charges?,No. NIU states that its regular scholarship does not cover hostel accommodation fees.,Fees & Scholarships
Can academic misconduct affect NIU scholarship eligibility?,Yes. NIU's scholarship conditions require students to maintain discipline and avoid misconduct.,Fees & Scholarships
Can a gap year affect NIU scholarship eligibility?,NIU's published scholarship conditions state that the scholarship does not apply if there is a gap between academic sessions.,Fees & Scholarships
What is the placement eligibility requirement at NIU?,"NIU's placement information requires students to meet the minimum attendance requirement prescribed by their academic programme, with 75% attendance specified.",Placements & Internships
What was the 2023–24 placement percentage for the School of Engineering and Technology?,NIU's Placement Record reports 83% for the School of Engineering and Technology for 2023–24.,Placements & Internships
What was the 2023–24 placement percentage for the School of Sciences?,NIU's Placement Record reports 80% for the School of Sciences for 2023–24.,Placements & Internships
What was the 2023–24 placement percentage for the School of Allied Health Sciences?,NIU's Placement Record reports 80% for the School of Allied Health Sciences for 2023–24.,Placements & Internships
Does NIU Online provide career services?,"Yes. NIU Online describes resume workshops, mock interviews, mentoring and placement assistance.",Placements & Internships
Does NIU have a placement cell?,Yes. NIU has a Placement Department that coordinates campus placement opportunities and related eligibility/document processes.,Placements & Internships
Who manages placements at NIU?,NIU's Placement Department and placement cell manage the university's placement and career-readiness activities.,Placements & Internships
Does NIU provide internships?,"Yes. NIU's placement information includes internships, live projects and industrial training.",Placements & Internships
Is the School of Allied Health Sciences associated with NIIMS?,Yes. NIU states that the School of Allied Health Sciences is associated with the on-campus NIIMS multispecialty hospital.,Medical / NIIMS
Is NIIMS associated with NIU?,Yes. NIIMS is part of Noida International University.,Medical / NIIMS
Does NIU have NIIMS medical infrastructure?,"Yes. NIU states that it houses the Noida International Institute of Medical Sciences (NIIMS), including a 750+ bedded hospital and medical college.",Medical / NIIMS
Does NIIMS have Emergency Medicine?,Yes. Emergency Medicine is listed among NIIMS departments.,Medical / NIIMS
Does NIIMS offer postgraduate medical programs?,Yes. NIU's current medical information describes postgraduate MD programs at NIIMS.,Medical / NIIMS
Does NIIMS have Radiology?,Yes. Radiology is listed among NIIMS departments.,Medical / NIIMS
Does NIIMS have Obstetrics and Gynaecology?,Yes. Obstetrics & Gynaecology is listed among NIIMS departments.,Medical / NIIMS
Which students receive clinical exposure at NIIMS?,"Relevant healthcare students, including Nursing and Allied Health Sciences students, receive practical and clinical exposure through NIIMS.",Medical / NIIMS
Does NIU offer AC and non-AC hostel rooms?,Yes. NIU lists AC and non-AC accommodation options for boys and girls.,Hostel
Does NIU hostel provide Wi-Fi?,Yes. Wi-Fi is listed among NIU hostel facilities.,Hostel
Do NIU hostels have Wi-Fi?,Yes. NIU states that its hostels have Wi-Fi facilities.,Hostel
Does NIU provide hostel dining facilities?,Yes. NIU describes dining and mess facilities and states that food is served during meal times.,Hostel
What facilities does NIU's hostel cafeteria provide?,NIU's hostel page describes a cafeteria where refreshments and meals are available to students.,Hostel
What is the AC triple-occupancy domestic hostel charge at NIU?,"NIU's hostel page lists ₹1,65,000 for domestic/SAARC boys and girls triple occupancy with AC.",Hostel
What is the AC quadruple-occupancy domestic hostel charge at NIU?,"NIU's hostel page lists ₹1,25,000 for domestic/SAARC boys and girls quadruple occupancy with AC.",Hostel
What hostel room options are available at NIU?,"NIU lists twin, triple and quadruple occupancy options, with AC and non-AC categories depending on the accommodation.",Hostel
How are NIU transport fees paid?,NIU's transport page states that transportation fees are paid yearly and describes the fee as a one-time deposit for the entire session.,Transport
Does an NIU scholarship cover transport charges?,No. NIU states that its regular scholarship does not cover transport fees.,Transport
How often are NIU transport fees paid?,NIU's transport page states that transportation fees are to be paid yearly.,Transport
Does an NIU scholarship cover transport fees?,No. NIU states that its regular scholarship does not cover transport fees.,Transport
Are NIU bus or transport charges covered by scholarships?,No. NIU states that its regular scholarship does not cover transport fees.,Transport
What is the payment schedule for NIU transport fees?,NIU's transport page states that transportation fees are paid yearly and describes the fee as a one-time deposit for the entire session.,Transport
Are NIU transport fees paid annually or more frequently?,NIU's transport page states that transportation fees are to be paid yearly; the page also notes a one-time deposit for the entire session.,Transport
When do students pay the NIU transport fee?,NIU's transport page states that transportation fees are to be paid yearly; the page also notes a one-time deposit for the entire session.,Transport
Is there an entrance exam for NIU Online programmes?,No. NIU states that admission to its online programmes is merit-based and there is no entrance examination.,Online / ERP / LMS
How many online degree programmes does NIU Online offer for 2026?,"The NIU Online 2026 page lists six online degrees: BBA, B.Com (Hons.), BCA, MBA with dual specialisation, MCA, and MA International Relations.",Online / ERP / LMS
Could you tell me if there an entrance exam for niu online programmes?,No. NIU states that admission to its online programmes is merit-based and there is no entrance examination.,Online / ERP / LMS
Do NIU Online programmes require an entrance exam?,No. NIU states that admission to its online programmes is merit-based and there is no entrance examination.,Online / ERP / LMS
I want to know whether there an entrance exam for niu online programmes.,No. NIU states that admission to its online programmes is merit-based and there is no entrance examination.,Online / ERP / LMS
How many online degrees are listed by NIU Online for 2026?,"The NIU Online 2026 page lists six online degrees: BBA, B.Com (Hons.), BCA, MBA with dual specialisation, MCA, and MA International Relations.",Online / ERP / LMS
Could you explain how many online degree programmes does niu online offer for 2026?,"The NIU Online 2026 page lists six online degrees: BBA, B.Com (Hons.), BCA, MBA with dual specialisation, MCA, and MA International Relations.",Online / ERP / LMS
What online degree programmes are listed by NIU Online for 2026?,"The NIU Online 2026 page lists six online degrees: BBA, B.Com (Hons.), BCA, MBA with dual specialisation, MCA, and MA International Relations.",Online / ERP / LMS
Which clubs organized NIU Ideathon 2025 through the Student Council?,NIU states that Ideathon 2025 was organized by the Student Council through Vaayu & Srijan Club.,Student Services
Does the NIU Student Council organize events?,"Yes. NIU documents Student Council activities, including Ideathon 2025 organized by the Student Council through Vaayu and Srijan Club.",Student Services
Does NIU have an international student exchange programme?,Yes. NIU lists an International Student Exchange Program among its university features.,Student Services
Which schools collaborated on NIU Ideathon 2025?,"NIU states that Ideathon 2025 involved collaboration with the School of Engineering & Technology, School of Business Management and the Cultural Committee.",Student Services
Does NIU have counselling services?,NIU's international FAQ information states that counselling and mental-health support services are available.,Student Services
Does NIU have a grievance redressal mechanism?,Yes. NIU provides student grievance-redressal information and committee details.,Student Services
Does NIU provide English proficiency guidance for international students?,NIU's international admissions information lists English-medium study or proficiency-test evidence such as TOEFL/IELTS as applicable.,Student Services
Can students get a grievance redressal mechanism at NIU?,Yes. NIU provides student grievance-redressal information and committee details.,Student Services
Do NIU Online students need to visit campus?,No. NIU states that the entire online programme can be completed without campus visits.,Campus & Facilities
Do NIU Online students need to visit the physical campus?,No. NIU states that the entire online programme can be completed without campus visits.,Campus & Facilities
Are campus visits required for NIU Online programmes?,No. NIU states that the entire online programme can be completed without campus visits.,Campus & Facilities
Can I complete an NIU Online programme without visiting the campus?,No. NIU states that the entire online programme can be completed without campus visits.,Campus & Facilities
Does NIU provide accommodation and transport?,Yes. NIU's current Schools page lists accommodation and transport facilities.,Campus & Facilities
How many schools does NIU list on its current school page?,"NIU's current Schools page describes 13 schools offering 75+ multidisciplinary courses. Some newer 2026–27 programme pages may present a different school count, so applicants should refer to the latest NIU programme listing for the current count.",Campus & Facilities
Does NIU conduct campus events?,Yes. NIU lists events and campus happenings under Campus Life.,Campus & Facilities
Does NIU have gym facilities?,Yes. NIU's hostel page describes well-equipped gyms and fitness centres as part of hostel facilities.,Campus & Facilities
What documents are needed for NIU Online admission?,"The online admissions information lists educational and professional details and document uploads; the broader NIU Online admissions information includes passport photo, government ID and relevant academic marksheets.",Documents & Certificates
Is a degree certificate required for NIU Online PG admission?,NIU Online lists the graduation marksheet/degree among basic PG application documents.,Documents & Certificates
I want to know whether a degree certificate required for niu online pg admission.,NIU Online lists the graduation marksheet/degree among basic PG application documents.,Documents & Certificates
Is a degree certificate required for NIU Online postgraduate admission?,NIU Online lists the graduation marksheet/degree among basic PG application documents.,Documents & Certificates
Could you tell me if a degree certificate required for niu online pg admission?,NIU Online lists the graduation marksheet/degree among basic PG application documents.,Documents & Certificates
What documents are required for NIU admission?,"The published national-admission requirements include Class 10/SSC marksheet, 10+2 marksheet for undergraduate applicants, graduation marksheet for postgraduate applicants, transfer or migration certificate if applicable, Aadhaar for national students, and recent passport-size photographs.",Documents & Certificates
What international-admission documents does NIU require?,"NIU lists academic marksheets, transfer/migration documents where applicable, passport copy, national ID and recent passport photographs; equivalence documents may also be required.",Documents & Certificates
Why does NIU verify admission documents?,Document verification confirms the applicant's identity and academic eligibility.,Documents & Certificates
Who is listed as the NIU transport in-charge?,"NIU lists Mr. Jitendra as transport in-charge, with the published contact number 9266020300.",Contact Information
What is the NIU transport email address?,NIU lists transport@niu.edu.in for transport-service issues.,Contact Information
What is the Indian-student admission helpline at NIU?,NIU lists +91 8745862200 and +91 0120-4862200 for Indian student admissions.,Contact Information
What is the international-student admission helpline at NIU?,NIU lists +91 9667797182 for international student admissions.,Contact Information
What is NIU's admissions email address?,NIU lists admissions@niu.edu.in for admissions.,Contact Information
What is NIU's international admissions email address?,NIU lists internationaladmissions@niu.edu.in for international admissions.,Contact Information
What is the NIU Registrar email?,NIU publishes registrar.office@niu.edu.in.,Contact Information
What is the NIU general contact route?,Use NIU's official website contact information and the published Indian/international admissions helplines.,Contact Information
Does an NIU scholarship cover examination fees?,No. NIU states that its regular scholarship does not cover examination fees.,Examinations & Academics
Does the NIU scholarship cover examination fees?,No. NIU states that its regular scholarship does not cover examination fees.,Examinations & Academics
Are exam fees included in an NIU scholarship?,No. NIU states that its regular scholarship does not cover examination fees.,Examinations & Academics
Will I have to pay examination fees separately if I receive an NIU scholarship?,No. NIU states that its regular scholarship does not cover examination fees.,Examinations & Academics
What attendance condition is mentioned for NIU scholarships?,NIU's scholarship information states an attendance requirement of at least 75% for the scholarship conditions described there.,Examinations & Academics
What attendance requirement is mentioned for the NIU scholarship?,NIU's scholarship page states that student attendance should not be less than 75% for the scholarship conditions described there.,Examinations & Academics
Can unfair means affect scholarship eligibility?,Yes. NIU states that students using unfair means in examinations are not eligible under the stated scholarship conditions.,Examinations & Academics
Do I need to submit academic documents for NIU admission?,Yes. Academic documents required by the programme must be submitted for verification.,Examinations & Academics
Can I ask NIU admissions to clarify eligibility?,Yes. Applicants can contact the official admissions helpline for programme-specific clarification.,Admissions & Eligibility
Where can I log in to the NIU online admission process?,NIU's Online Admission Process provides a sign-in page using the registered email ID and password.,Admissions & Eligibility
What is the eligibility for Online MBA at NIU?,Online MBA requires a bachelor's degree in any discipline from a recognised university or equivalent.,Admissions & Eligibility
Do I need my Class 12 marksheet for NIU Online undergraduate admission?,Yes. NIU Online lists Class 10 and 12 marksheets for UG applicants.,Admissions & Eligibility
Is a Class 12 marksheet required for admission to an NIU Online UG programme?,Yes. NIU Online lists Class 10 and 12 marksheets for UG applicants.,Admissions & Eligibility
Does NIU Online ask for Class 12 marksheets for UG admission?,Yes. NIU Online lists Class 10 and 12 marksheets for UG applicants.,Admissions & Eligibility
Does NIU offer B.Tech CSE in Data Science and Analytics?,Yes. NIU's 2026-27 information lists B.Tech Computer Science & Engineering – Data Science & Analytics.,Courses & Programs
Does NIU offer BTech CSE Data Science?,Yes. NIU lists B.Tech Computer Science & Engineering – Data Science and related Data Science programs on its course pages.,Courses & Programs
Is b.tech cse in data science and analytics available at NIU?,Yes. NIU's 2026-27 information lists B.Tech Computer Science & Engineering – Data Science & Analytics.,Courses & Programs
Does NIU provide b.tech cse in data science and analytics?,Yes. NIU's 2026-27 information lists B.Tech Computer Science & Engineering – Data Science & Analytics.,Courses & Programs
Can students get b.tech cse in data science and analytics at NIU?,Yes. NIU's 2026-27 information lists B.Tech Computer Science & Engineering – Data Science & Analytics.,Courses & Programs
Is btech cse data science available at NIU?,Yes. NIU lists B.Tech Computer Science & Engineering – Data Science and related Data Science programs on its course pages.,Courses & Programs
Does NIU provide btech cse data science?,Yes. NIU lists B.Tech Computer Science & Engineering – Data Science and related Data Science programs on its course pages.,Courses & Programs
Can students get btech cse data science at NIU?,Yes. NIU lists B.Tech Computer Science & Engineering – Data Science and related Data Science programs on its course pages.,Courses & Programs
What is the programme length for B.Tech Biotechnology at NIU?,B.Tech Biotechnology is listed as a 4-year programme.,Courses & Programs
How many years is B.Tech Civil Engineering at NIU?,B.Tech Civil Engineering is listed as a 4-year programme.,Courses & Programs
How long does B.Tech Civil Engineering at NIU take?,B.Tech Civil Engineering is listed as a 4-year programme.,Courses & Programs
Does NIU issue an admission confirmation after fee payment?,Admission confirmation is issued after the applicable selection/verification and required fee-payment process is completed.,Fees & Scholarships
Can applicants pay admission fees online?,Yes. NIU supports online payment and also publishes offline payment options where applicable.,Fees & Scholarships
What is the listed fee for B.Tech Data Science with HCL GUVI?,"The 2026-27 course page lists the full course fee for B.Tech Computer Science & Engineering – Data Science with HCL GUVI as ₹7,83,700.",Fees & Scholarships
What is the listed fee for B.Tech Mechanical Engineering?,"The 2026-27 course page lists the full course fee for B.Tech Mechanical Engineering as ₹5,89,000.",Fees & Scholarships
What is the listed fee for B.Tech Civil Engineering?,"The 2026-27 course page lists the full course fee for B.Tech Civil Engineering as ₹5,69,000.",Fees & Scholarships
What is the listed fee for B.Tech Electrical Engineering?,"The 2026-27 course page lists the full course fee for B.Tech Electrical Engineering as ₹5,89,000.",Fees & Scholarships
"What is the listed fee for B.Tech lateral entry in CSE, AI/ML and Data Science?","The 2026-27 course page lists the full course fee for B.Tech lateral entry in CSE, AI/ML and Data Science as ₹6,22,700.",Fees & Scholarships
Does an NIU scholarship reduce every type of fee?,No. NIU's 2026–27 fee structure states that the listed scholarships are applicable only to tuition fees for the first year.,Fees & Scholarships
Are all NIU fees covered by a scholarship?,No. NIU's 2026–27 fee structure states that the listed scholarships are applicable only to tuition fees for the first year.,Fees & Scholarships
Which fees can be covered by an NIU scholarship?,No. NIU's 2026–27 fee structure states that the listed scholarships are applicable only to tuition fees for the first year.,Fees & Scholarships
Does an NIU scholarship apply to tuition fees?,"NIU states that its published scholarships are applied to applicable tuition fees and may exclude items such as application, examination, activity, security, hostel and transport charges.",Fees & Scholarships
Can the scholarship amount be deducted from NIU tuition fees?,"NIU states that its published scholarships are applied to applicable tuition fees and may exclude items such as application, examination, activity, security, hostel and transport charges.",Fees & Scholarships
Are tuition charges eligible for an NIU scholarship?,"NIU states that its published scholarships are applied to applicable tuition fees and may exclude items such as application, examination, activity, security, hostel and transport charges.",Fees & Scholarships
Can applicants pay the NIU admission fee online?,Yes. NIU supports online payment and also publishes offline payment options where applicable.,Fees & Scholarships
Is online payment available for the NIU admission fee?,Yes. NIU supports online payment and also publishes offline payment options where applicable.,Fees & Scholarships
Can I pay my NIU admission fee online?,Yes. NIU supports online payment and also publishes offline payment options where applicable.,Fees & Scholarships
Does NIU Online allow fee payment in instalments?,Yes. NIU Online provides semester-wise payment and EMI/instalment options.,Fees & Scholarships
Can students pay NIU Online fees in instalments?,Yes. NIU Online provides semester-wise payment and EMI/instalment options.,Fees & Scholarships
Is instalment payment available for NIU Online fees?,Yes. NIU Online provides semester-wise payment and EMI/instalment options.,Fees & Scholarships
Does NIU confirm admission after the required fee is paid?,Admission confirmation is issued after the applicable selection/verification and required fee-payment process is completed.,Fees & Scholarships
What happens after I pay the NIU admission fee?,Admission confirmation is issued after the applicable selection/verification and required fee-payment process is completed.,Fees & Scholarships
Is admission confirmed once the NIU fee payment is completed?,Admission confirmation is issued after the applicable selection/verification and required fee-payment process is completed.,Fees & Scholarships
Does an NIU scholarship cover hostel fees?,No. NIU states that its regular scholarship does not cover hostel accommodation fees.,Fees & Scholarships
Are hostel charges included in NIU scholarship benefits?,No. NIU states that its regular scholarship does not cover hostel accommodation fees.,Fees & Scholarships
"If I receive a scholarship, do I still pay hostel charges?",No. NIU states that its regular scholarship does not cover hostel accommodation fees.,Fees & Scholarships
Does NIU allow more than one scholarship category at admission?,NIU's scholarship page states that only one scholarship can be availed from any category during admissions.,Fees & Scholarships
Does NIU collect transport fees for the full session at once?,NIU's transport page states that transportation fees are paid yearly and describes the fee as a one-time deposit for the entire session.,Transport
How do students pay the NIU transport fee?,NIU's transport page states that transportation fees are paid yearly and describes the fee as a one-time deposit for the entire session.,Transport
Is the NIU transport fee paid once per academic session?,NIU's transport page states that transportation fees are to be paid yearly; the page also notes a one-time deposit for the entire session.,Transport
Do scholarship students have to pay transport fees separately?,No. NIU states that its regular scholarship does not cover transport fees.,Transport
Does NIU accept JEE for engineering admissions?,NIU states that applicable national-level entrance examinations such as JEE may be considered.,Admissions & Eligibility
What is the programme length for B.Tech Electrical Engineering?,B.Tech Electrical Engineering is listed as a 4-year programme.,Courses & Programs
Where can I find NIU's 2026-27 course and fee structure?,The official NIU website has a 'Courses & Fee Structure For 2026-27' page under Admissions.,Fees & Scholarships
Does NIU publish programme-wise fee tables?,"Yes. NIU publishes programme-wise fees, duration and eligibility in its 2026-27 fee structure.",Fees & Scholarships
Does NIU publish fees separately for each programme?,"Yes. NIU publishes programme-wise fees, duration and eligibility in its 2026-27 fee structure.",Fees & Scholarships
Can I find the fee for each NIU programme in a programme-wise table?,"Yes. NIU publishes programme-wise fees, duration and eligibility in its 2026-27 fee structure.",Fees & Scholarships
Where can I see NIU's programme-wise fee structure?,"Yes. NIU publishes programme-wise fees, duration and eligibility in its 2026-27 fee structure.",Fees & Scholarships
Are NIU scholarships applied to the full course tuition?,"For the general scholarship information, NIU states that scholarships are applicable only to tuition fees for the first year; specific schemes may have their own conditions.",Fees & Scholarships
Are NIU Online programmes delivered online?,NIU Online states that its programmes are delivered 100% online and that no campus visits are required.,Online / ERP / LMS
What is the eligibility for M.Tech Computer Science Engineering?,The course page lists minimum 50% marks in B.Tech (CSE) for M.Tech Computer Science Engineering.,Admissions & Eligibility
What is the eligibility for Ph.D. programmes in engineering and technology?,NIU's 2026-27 course page lists minimum 55% marks in a Master's degree with relevant subjects for Ph.D. programmes.,Admissions & Eligibility
What are the eligibility requirements for Ph.D. programmes in engineering and technology?,NIU's 2026-27 course page lists minimum 55% marks in a Master's degree with relevant subjects for Ph.D. programmes.,Admissions & Eligibility
How long is M.Tech Computer Science Engineering at NIU?,M.Tech Computer Science Engineering is listed as a 2-year programme on NIU's 2026-27 course page.,Courses & Programs
What is the listed fee for M.Tech Computer Science Engineering?,"The 2026-27 course page lists the full course fee for M.Tech Computer Science Engineering as ₹1,62,600.",Fees & Scholarships
What is the listed eligibility for BTech programs?,"The 2026-27 course page lists, for the relevant B.Tech programs, minimum 50% marks in 10+2 with Physics, Mathematics and Chemistry. Applicants should verify the current eligibility for their exact program.",Admissions & Eligibility
What is the eligibility for B.Tech lateral entry?,The 2026-27 course page lists minimum 50% marks in a Diploma in Engineering or B.Sc. for B.Tech lateral entry.,Admissions & Eligibility
What qualifications are needed for B.Tech Biotechnology at NIU?,"The 2026-27 course page lists minimum 50% marks in 10+2 with Physics and Maths/Biology as compulsory and any one from Chemistry, Biotechnology or Biology for B.Tech Biotechnology.",Admissions & Eligibility
Who is eligible for B.Tech Biotechnology at NIU?,"The 2026-27 course page lists minimum 50% marks in 10+2 with Physics and Maths/Biology as compulsory and any one from Chemistry, Biotechnology or Biology for B.Tech Biotechnology.",Admissions & Eligibility
What qualifications are needed for B.Tech at NIU?,"For the relevant B.Tech programmes, the 2026-27 course page lists minimum 50% marks in 10+2 with Physics, Mathematics and Chemistry. Applicants should verify the exact programme.",Admissions & Eligibility
Who is eligible for B.Tech at NIU?,"For the relevant B.Tech programmes, the 2026-27 course page lists minimum 50% marks in 10+2 with Physics, Mathematics and Chemistry. Applicants should verify the exact programme.",Admissions & Eligibility
What are the eligibility requirements for B.Tech lateral entry?,The 2026-27 course page lists minimum 50% marks in a Diploma in Engineering or B.Sc. for B.Tech lateral entry.,Admissions & Eligibility
Does NIU offer B.Tech CSE AI & ML?,Yes. NIU lists B.Tech Computer Science and Engineering – AI & ML for the 2026-27 session.,Courses & Programs
Does NIU offer B.Tech CSE Cyber Security?,Yes. NIU lists Computer Science and Engineering – Cyber Security among its engineering programs.,Courses & Programs
Does NIU offer B.Tech CSE core?,Yes. NIU lists Computer Science and Engineering – Core among its engineering programs.,Courses & Programs
Does NIU have lateral-entry BTech programs?,"Yes. NIU's 2026-27 course page lists lateral-entry B.Tech options, including CSE, AI/ML and Data Science.",Courses & Programs
Does NIU offer B.Tech CSE in Artificial Intelligence and Machine Learning?,Yes. NIU's current 2026–27 programme information lists B.Tech Computer Science & Engineering with Artificial Intelligence and Machine Learning.,Courses & Programs
Does NIU offer BTech CSE with AI and ML?,Yes. NIU's 2026-27 course page lists B.Tech Computer Science & Engineering – AI & ML as a four-year program.,Courses & Programs
What is the duration of B.Tech CSE AI and ML at NIU?,B.Tech Computer Science & Engineering – AI & ML is listed as a 4-year programme.,Courses & Programs
What is the duration of B.Tech Cyber Security at NIU?,B.Tech Computer Science in Cyber Security is listed as a 4-year programme.,Courses & Programs
What is the duration of B.Tech Robotics Technology at NIU?,B.Tech Computer Science & Engineering – Robotics Technology is listed as a 4-year programme.,Courses & Programs
How long is B.Tech Biotechnology at NIU?,B.Tech Biotechnology is listed as a 4-year programme.,Courses & Programs
What is the duration of B.Tech lateral entry at NIU?,"B.Tech lateral entry in CSE, AI/ML and Data Science is listed as a 3-year programme; lateral entry in other branches is also listed as 3 years.",Courses & Programs
Is lateral-entry btech programs available at NIU?,"Yes. NIU's 2026-27 course page lists lateral-entry B.Tech options, including CSE, AI/ML and Data Science.",Courses & Programs
Does NIU provide lateral-entry btech programs?,"Yes. NIU's 2026-27 course page lists lateral-entry B.Tech options, including CSE, AI/ML and Data Science.",Courses & Programs
Can students get lateral-entry btech programs at NIU?,"Yes. NIU's 2026-27 course page lists lateral-entry B.Tech options, including CSE, AI/ML and Data Science.",Courses & Programs
Is b.tech cse ai & ml available at NIU?,Yes. NIU lists B.Tech Computer Science and Engineering – AI & ML for the 2026-27 session.,Courses & Programs
Does NIU provide b.tech cse ai & ml?,Yes. NIU lists B.Tech Computer Science and Engineering – AI & ML for the 2026-27 session.,Courses & Programs
Can students get b.tech cse ai & ml at NIU?,Yes. NIU lists B.Tech Computer Science and Engineering – AI & ML for the 2026-27 session.,Courses & Programs
Is b.tech cse cyber security available at NIU?,Yes. NIU lists Computer Science and Engineering – Cyber Security among its engineering programs.,Courses & Programs
Does NIU provide b.tech cse cyber security?,Yes. NIU lists Computer Science and Engineering – Cyber Security among its engineering programs.,Courses & Programs
Can students get b.tech cse cyber security at NIU?,Yes. NIU lists Computer Science and Engineering – Cyber Security among its engineering programs.,Courses & Programs
Is b.tech cse core available at NIU?,Yes. NIU lists Computer Science and Engineering – Core among its engineering programs.,Courses & Programs
Does NIU provide b.tech cse core?,Yes. NIU lists Computer Science and Engineering – Core among its engineering programs.,Courses & Programs
Can students get b.tech cse core at NIU?,Yes. NIU lists Computer Science and Engineering – Core among its engineering programs.,Courses & Programs
Is b.tech cse in artificial intelligence and machine learning available at NIU?,Yes. NIU's current 2026–27 programme information lists B.Tech Computer Science & Engineering with Artificial Intelligence and Machine Learning.,Courses & Programs
Does NIU provide b.tech cse in artificial intelligence and machine learning?,Yes. NIU's current 2026–27 programme information lists B.Tech Computer Science & Engineering with Artificial Intelligence and Machine Learning.,Courses & Programs
Can students get b.tech cse in artificial intelligence and machine learning at NIU?,Yes. NIU's current 2026–27 programme information lists B.Tech Computer Science & Engineering with Artificial Intelligence and Machine Learning.,Courses & Programs
Is btech cse with ai and ml available at NIU?,Yes. NIU's 2026-27 course page lists B.Tech Computer Science & Engineering – AI & ML as a four-year program.,Courses & Programs
Does NIU provide btech cse with ai and ml?,Yes. NIU's 2026-27 course page lists B.Tech Computer Science & Engineering – AI & ML as a four-year program.,Courses & Programs
Can students get btech cse with ai and ml at NIU?,Yes. NIU's 2026-27 course page lists B.Tech Computer Science & Engineering – AI & ML as a four-year program.,Courses & Programs
How many years is B.Tech Biotechnology at NIU?,B.Tech Biotechnology is listed as a 4-year programme.,Courses & Programs
How long does B.Tech Biotechnology at NIU take?,B.Tech Biotechnology is listed as a 4-year programme.,Courses & Programs
Does the School of Sciences offer B.Sc. Agriculture?,Yes. NIU's School of Sciences lists B.Sc. (Hons.) Agriculture as a 4-year undergraduate programme.,Courses & Programs
What is the listed 2026-27 total fee for BTech CSE AI and ML?,"NIU's 2026-27 domestic course page lists a total fee of ₹7,47,700 for B.Tech Computer Science & Engineering – AI & ML. Fees should be rechecked on the official page before making payment.",Fees & Scholarships
What is the listed fee for B.Tech CSE AI and ML?,"The 2026-27 course page lists the full course fee for B.Tech Computer Science & Engineering – AI & ML as ₹7,47,700.",Fees & Scholarships
What is the listed fee for B.Tech Cyber Security?,"The 2026-27 course page lists the full course fee for B.Tech Computer Science in Cyber Security as ₹7,69,000.",Fees & Scholarships
What is the listed fee for B.Tech Robotics Technology?,"The 2026-27 course page lists the full course fee for B.Tech Computer Science & Engineering – Robotics Technology as ₹7,47,700.",Fees & Scholarships
What is the listed fee for B.Tech lateral entry in other branches?,"The 2026-27 course page lists the full course fee for B.Tech lateral entry in other branches as ₹5,25,000.",Fees & Scholarships
How can I apply for admission to NIU?,"The NIU admission process is online. Applicants complete the application form, submit required documents, complete the applicable selection process, pay the required fee and receive admission confirmation.",Admissions & Eligibility
What are the steps in the NIU admission process?,"The published process has four main steps: fill the application form, verification of documents or entrance process, payment of semester or annual fees, and admission confirmation.",Admissions & Eligibility
What is the NIU admission helpline for Indian students?,NIU lists +91 8745862200 and +91 0120-4862200 as admission helpline numbers for Indian students.,Admissions & Eligibility
What is the NIU international admissions contact?,NIU lists +91 9667797182 and internationaladmissions@niu.edu.in for international admissions.,Admissions & Eligibility
What is the NIU admissions email?,The NIU admissions email is admissions@niu.edu.in.,Admissions & Eligibility
Does NIU have an online application option?,Yes. NIU describes its application process as online.,Admissions & Eligibility
What is the PhD eligibility at NIU?,"The 2026 PhD information lists a minimum of 55% marks in a relevant master's qualification, subject to programme rules.",Admissions & Eligibility
What if I forget my NIU admission login password?,The NIU Online Admission Process page provides a 'Forgot Login Id / Password?' option.,Admissions & Eligibility
What are the main steps in NIU admission?,"NIU's published process includes completing the application, document verification or applicable selection process, fee payment and admission confirmation.",Admissions & Eligibility
How can international students contact NIU admissions?,NIU lists +91 9667797182 and internationaladmissions@niu.edu.in for international admissions.,Admissions & Eligibility
What ID proof is required for NIU admission?,A government-issued identity document is required; NIU Online lists Aadhaar/PAN as examples.,Admissions & Eligibility
How can I contact NIU admissions?,"For admissions, NIU lists admissions@niu.edu.in and the Indian student helpline numbers +91 8745862200 and +91 0120-4862200.",Admissions & Eligibility
What is the eligibility for B.Sc Nursing at NIU?,NIU lists 10+2 with PCB and English and the specified aggregate requirement for B.Sc Nursing.,Admissions & Eligibility
Where can I find NIU admission notices?,"Use NIU's official website, admission pages and Notice Board.",Admissions & Eligibility
What is the NIU international admissions helpline?,NIU currently lists +91 9667797182.,Admissions & Eligibility
What is the NIU Indian admissions helpline?,NIU currently lists 8745862200 and 0120-4862200.,Admissions & Eligibility
What is the eligibility for Online MCA?,"Eligibility includes BCA, B.Sc. Computer Science, B.Sc. Information Technology, or specified graduation backgrounds with Computer Science or Mathematics/Statistics-related study as described by NIU.",Admissions & Eligibility
Is the NIU application process online?,"Yes. NIU states that its application process is online, while fee payment can be completed through online or offline modes.",Admissions & Eligibility
Does NIU have separate international admission support?,Yes. NIU publishes dedicated international admissions contacts and guidance.,Admissions & Eligibility
Where can I apply for NIU admission?,Applications are submitted through NIU's official admission/application system.,Admissions & Eligibility
What is the eligibility for Ph.D. at NIU?,Eligibility depends on the discipline and includes the applicable master's qualification/marks and Ph.D. rules.,Admissions & Eligibility
Does NIU issue a provisional admission letter to international students?,Yes. NIU states that a provisional admission letter and bonafide letter for visa purposes are issued after required payment.,Admissions & Eligibility
When is NIU admission confirmed?,Admission is confirmed after completion of the applicable verification/selection process and required fee payment.,Admissions & Eligibility
What is the eligibility for BBA at NIU?,The course listing states minimum 50% marks in 10+2 for BBA.,Admissions & Eligibility
What is the MBA eligibility listed by NIU?,"The NIU school listing states minimum 50% in graduation in any stream and lists CAT/MAT/XAT as entrance requirements, with minimum requirements of CAT 60% and MAT 75%.",Admissions & Eligibility
What is the best way to contact the NIU admissions office?,"For admissions, NIU lists admissions@niu.edu.in and the Indian student helpline numbers +91 8745862200 and +91 0120-4862200.",Admissions & Eligibility
Could you explain how can i contact niu admissions?,"For admissions, NIU lists admissions@niu.edu.in and the Indian student helpline numbers +91 8745862200 and +91 0120-4862200.",Admissions & Eligibility
Which email or phone number should I use to contact NIU admissions?,"For admissions, NIU lists admissions@niu.edu.in and the Indian student helpline numbers +91 8745862200 and +91 0120-4862200.",Admissions & Eligibility
What is the contact information for international admissions at NIU?,NIU lists +91 9667797182 and internationaladmissions@niu.edu.in for international admissions.,Admissions & Eligibility
Could you explain how can international students contact niu admissions?,NIU lists +91 9667797182 and internationaladmissions@niu.edu.in for international admissions.,Admissions & Eligibility
How can an international applicant reach the NIU admissions office?,NIU lists +91 9667797182 and internationaladmissions@niu.edu.in for international admissions.,Admissions & Eligibility
Could you explain the niu international admissions contact?,NIU lists +91 9667797182 and internationaladmissions@niu.edu.in for international admissions.,Admissions & Eligibility
Can you tell me about the niu international admissions contact?,NIU lists +91 9667797182 and internationaladmissions@niu.edu.in for international admissions.,Admissions & Eligibility
I'd like to know about the niu international admissions contact.,NIU lists +91 9667797182 and internationaladmissions@niu.edu.in for international admissions.,Admissions & Eligibility
What qualifications are needed for Online MBA at NIU?,Online MBA requires a bachelor's degree in any discipline from a recognised university or equivalent.,Admissions & Eligibility
Who is eligible for Online MBA at NIU?,Online MBA requires a bachelor's degree in any discipline from a recognised university or equivalent.,Admissions & Eligibility
What is dual specialisation in the NIU Online MBA?,Students choose two specialisations from the offered list instead of selecting only one area of focus.,Courses & Programs
What is the duration of B.Tech Data Science with HCL GUVI?,B.Tech Computer Science & Engineering – Data Science with HCL GUVI is listed as a 4-year programme.,Courses & Programs
How long is B.Tech Electrical Engineering?,B.Tech Electrical Engineering is listed as a 4-year programme.,Courses & Programs
How many years is B.Tech Electrical Engineering?,B.Tech Electrical Engineering is listed as a 4-year programme.,Courses & Programs
How long does B.Tech Electrical Engineering take?,B.Tech Electrical Engineering is listed as a 4-year programme.,Courses & Programs
What happens after NIU verifies my admission documents?,"After successful verification of eligibility and documents, NIU sends the entrance test/GD-PI schedule, including date, time and venue, to the registered email.",Documents & Certificates
Can I upload admission documents after submitting the online application?,"NIU's admission process says that if an applicant cannot upload documents in the online form, the required documents can also be emailed to admissions@niu.edu.in.",Documents & Certificates
What documents are generally needed for NIU admission?,"NIU's published requirements include academic marksheets/certificates, applicable transfer or migration documents, identification and photographs; exact requirements vary by applicant and program.",Documents & Certificates
What documents are checked during NIU admission?,Applicants provide the academic and identity documents specified for their programme and admission category.,Documents & Certificates
Is it possible to i upload admission documents after submitting the online application?,"NIU's admission process says that if an applicant cannot upload documents in the online form, the required documents can also be emailed to admissions@niu.edu.in.",Documents & Certificates
Am I allowed to i upload admission documents after submitting the online application?,"NIU's admission process says that if an applicant cannot upload documents in the online form, the required documents can also be emailed to admissions@niu.edu.in.",Documents & Certificates
Could you confirm whether I can i upload admission documents after submitting the online application?,"NIU's admission process says that if an applicant cannot upload documents in the online form, the required documents can also be emailed to admissions@niu.edu.in.",Documents & Certificates
Are academic documents required for NIU admission?,Yes. Academic documents required by the programme must be submitted for verification.,Documents & Certificates
Does NIU have online academic notices?,Yes. NIU publishes notices and academic information online.,Examinations & Academics
Are NIU Online exams conducted online?,"Yes. NIU Online states that the entire programme, including final exams, is conducted online.",Examinations & Academics
Does NIU provide result information online?,Yes. NIU provides online result-related information.,Examinations & Academics
Does NIU publish examination notices online?,Yes. Examination information and notices are published online.,Examinations & Academics
Which academic records are required for NIU admission?,Yes. Academic documents required by the programme must be submitted for verification.,Documents & Certificates
Are my academic certificates checked during NIU admission?,Yes. Academic documents required by the programme must be submitted for verification.,Examinations & Academics
What is the NIU application fee?,"The NIU admission-process page lists an INR 1,100 non-refundable application fee.",Fees & Scholarships
Can NIU fees be paid semester-wise or annually?,NIU publishes semester/annual fee options depending on the programme; the applicable payment schedule is shown in the programme fee structure.,Fees & Scholarships
Are NIU scholarships automatically available to every student?,No. Scholarship eligibility depends on the applicable scholarship category and NIU's published conditions.,Fees & Scholarships
Are hostel charges included in tuition fees?,Hostel charges are separate from tuition and should be checked in the current hostel fee schedule.,Fees & Scholarships
Does NIU charge a refundable security fee?,"Yes. NIU's 2026–27 fee structure notes a ₹10,000 one-time refundable security fee for applicable programmes.",Fees & Scholarships
Is there a one-time refundable security fee at NIU?,"The 2026-27 fee structure notes a ₹10,000 one-time refundable security fee for applicable programmes.",Fees & Scholarships
Does NIU have a scholarship for West African students?,Yes. NIU publishes scholarship information for eligible West African students.,Fees & Scholarships
Where can I check NIU's 2026-27 fees?,Use NIU's official 2026-27 Courses & Fee Structure page for programme-wise fees.,Fees & Scholarships
Can students receive more than one NIU scholarship category?,NIU states that only one scholarship can be availed from any category during admissions.,Fees & Scholarships
What does an NIU scholarship normally reduce?,NIU's regular scholarship is applied to eligible tuition fees rather than being paid as cash.,Fees & Scholarships
Where can I find NIU scholarship information?,Use NIU's official scholarship/admission pages and current fee information.,Fees & Scholarships
Does NIU publish international-student scholarship information?,Yes. NIU publishes country/region-specific international scholarship information as well as international admissions information.,Fees & Scholarships
Does NIU offer an existing-student scholarship?,Yes. NIU lists a scholarship for eligible existing students pursuing higher studies.,Fees & Scholarships
Does NIU offer an employee scholarship?,Yes. NIU lists a scholarship for eligible family members of university employees.,Fees & Scholarships
Does NIU offer a freedom-fighters scholarship?,Yes. NIU lists a concession for eligible children or grandchildren of freedom fighters.,Fees & Scholarships
Does NIU offer scholarships to ASEAN students?,Yes. NIU publishes an ASEAN scholarship offering up to 50% tuition-fee waiver for eligible undergraduate and postgraduate applicants.,Fees & Scholarships
Does NIU offer scholarships to students from Nepal?,Yes. NIU publishes a Nepal Scholarship offering up to 50% tuition-fee waiver for eligible undergraduate and postgraduate applicants.,Fees & Scholarships
Does NIU offer a CUET scholarship?,Yes. NIU publishes CUET scholarship bands based on percentile.,Fees & Scholarships
Does NIU offer a sibling scholarship?,"Yes. NIU lists a sibling scholarship for eligible blood relations, subject to its terms.",Fees & Scholarships
Does NIU offer a defence scholarship?,"Yes. NIU lists a defence scholarship for eligible children of armed, paramilitary or state police personnel.",Fees & Scholarships
Does NIU offer a women's scholarship?,Yes. NIU lists a women's scholarship with specified eligibility and programme exclusions.,Fees & Scholarships
Does NIU offer scholarships for MBBS?,NIU's scholarship page states that its listed scholarship schemes are not applicable to MBBS.,Fees & Scholarships
Does NIU offer a sports scholarship?,Yes. Sports Scholarship is one of NIU's listed scholarship categories.,Fees & Scholarships
Does NIU offer international scholarships?,"Yes. NIU publishes international scholarship information, including country-specific scholarship pages.",Fees & Scholarships
Does NIU offer scholarships?,"Yes. NIU publishes scholarship information for eligible students, including merit-based scholarship opportunities.",Fees & Scholarships
Does NIU offer a disability scholarship?,Yes. NIU lists a disability scholarship for eligible students meeting its stated criteria.,Fees & Scholarships
Are hostel fees paid yearly?,Yes. NIU's hostel information states that hostel fees are paid yearly.,Fees & Scholarships
What is the listed fee for LLB at NIU?,"The NIU school listing gives the full course fee for LLB as ₹2,25,900.",Fees & Scholarships
What is the listed fee for LLM at NIU?,"The NIU school listing gives the full course fee for LLM as ₹1,11,600.",Fees & Scholarships
Are NIU hostel charges included in the tuition fee?,Hostel charges are separate from tuition and should be checked in the current hostel fee schedule.,Fees & Scholarships
Do I pay hostel fees separately from tuition at NIU?,Hostel charges are separate from tuition and should be checked in the current hostel fee schedule.,Fees & Scholarships
Is hostel accommodation covered by the NIU tuition fee?,Hostel charges are separate from tuition and should be checked in the current hostel fee schedule.,Fees & Scholarships
Does NIU charge hostel fees annually?,Yes. NIU's hostel information states that hostel fees are paid yearly.,Fees & Scholarships
Are NIU hostel fees paid once a year?,Yes. NIU's hostel information states that hostel fees are paid yearly.,Fees & Scholarships
How often do students pay hostel fees at NIU?,Yes. NIU's hostel information states that hostel fees are paid yearly.,Fees & Scholarships
Does NIU offer semester-wise or annual fee payment options?,NIU publishes semester/annual fee options depending on the programme; the applicable payment schedule is shown in the programme fee structure.,Fees & Scholarships
Does NIU allow fees to be paid semester-wise or annually?,NIU publishes semester/annual fee options depending on the programme; the applicable payment schedule is shown in the programme fee structure.,Fees & Scholarships
Can I choose semester-wise or annual fee payment at NIU?,NIU publishes semester/annual fee options depending on the programme; the applicable payment schedule is shown in the programme fee structure.,Fees & Scholarships
What is the women's scholarship percentage at NIU?,"NIU's scholarship page states a 20% tuition-fee concession for women with 60% and above marks, subject to listed exclusions and conditions.",Fees & Scholarships
What one-time refundable security fee is listed on NIU's 2026–27 fee page?,"NIU's 2026–27 domestic fee page lists a ₹10,000 one-time refundable security fee.",Fees & Scholarships
Does NIU hostel provide dining facilities?,Yes. NIU describes mess and dining facilities for hostel residents.,Hostel
Does NIU have hostel facilities?,"Yes. NIU provides hostel accommodation for students, with room options and facilities described on its official hostel pages.",Hostel
Are NIU hostels available for both boys and girls?,NIU's hostel page lists accommodation options for boys and girls.,Hostel
Do NIU hostels provide hygienically prepared food?,NIU states that hostel dining provides food prepared under strict hygienic conditions.,Hostel
Are NIU hostel rooms furnished?,NIU describes hostel rooms as furnished accommodation.,Hostel
Do NIU hostels provide housekeeping?,Hostel services include residential support and housekeeping arrangements as described by NIU.,Hostel
Do NIU hostels have security?,NIU provides security arrangements for hostel residents.,Hostel
Are gyms available in NIU hostels?,Yes. NIU lists well-equipped gyms and fitness centres.,Hostel
Is food available in NIU hostels?,Yes. NIU provides hostel dining facilities.,Hostel
Do NIU hostels have non-AC options?,Yes. NIU offers non-AC hostel options.,Hostel
What is the AC twin-occupancy hostel charge listed by NIU?,"NIU's hostel page lists ₹1,75,000 for domestic/SAARC boys and girls twin occupancy with AC.",Hostel
Are the hostel rooms at NIU furnished?,NIU describes hostel rooms as furnished accommodation.,Hostel
Does NIU provide furnished hostel rooms?,NIU describes hostel rooms as furnished accommodation.,Hostel
Do NIU hostel rooms come with furniture?,NIU describes hostel rooms as furnished accommodation.,Hostel
Does NIU provide hostel accommodation for both boys and girls?,NIU's hostel page lists accommodation options for boys and girls.,Hostel
Are NIU hostels available to male and female students?,NIU's hostel page lists accommodation options for boys and girls.,Hostel
Can both male and female students stay in NIU hostels?,NIU's hostel page lists accommodation options for boys and girls.,Hostel
Does NIU have a gym in its hostel facilities?,Yes. NIU lists well-equipped gyms and fitness centres.,Hostel
Are fitness facilities available in NIU hostels?,Yes. NIU lists well-equipped gyms and fitness centres.,Hostel
Can hostel residents use a gym at NIU?,Yes. NIU lists well-equipped gyms and fitness centres.,Hostel
Is Wi-Fi available in NIU hostels?,Yes. NIU states that its hostels have Wi-Fi facilities.,Hostel
Can students access Wi-Fi in the NIU hostel?,Yes. NIU states that its hostels have Wi-Fi facilities.,Hostel
Do NIU hostel rooms have Wi-Fi access?,Yes. NIU states that its hostels have Wi-Fi facilities.,Hostel
Does NIU offer non-AC hostel rooms?,Yes. NIU offers non-AC hostel options.,Hostel
Are non-AC accommodation options available at NIU?,Yes. NIU offers non-AC hostel options.,Hostel
Can students choose a non-AC hostel room at NIU?,Yes. NIU offers non-AC hostel options.,Hostel
What security arrangements are provided in NIU hostels?,NIU provides security arrangements for hostel residents.,Hostel
Are NIU hostel residents provided with security?,NIU provides security arrangements for hostel residents.,Hostel
Does NIU provide security in its hostel facilities?,NIU provides security arrangements for hostel residents.,Hostel
Is housekeeping available in NIU hostels?,Hostel services include residential support and housekeeping arrangements as described by NIU.,Hostel
Does NIU provide housekeeping services in the hostel?,Hostel services include residential support and housekeeping arrangements as described by NIU.,Hostel
Do NIU hostels include housekeeping support?,Hostel services include residential support and housekeeping arrangements as described by NIU.,Hostel
What is the AC twin-occupancy domestic hostel charge at NIU?,"NIU's hostel page lists ₹1,75,000 for domestic/SAARC boys and girls twin occupancy with AC.",Hostel
What is the non-AC twin-occupancy domestic hostel charge at NIU?,"NIU's hostel page lists ₹1,45,000 for domestic/SAARC boys and girls twin occupancy without AC.",Hostel
What is the non-AC triple-occupancy domestic hostel charge at NIU?,"NIU's hostel page lists ₹1,35,000 for domestic/SAARC boys and girls triple occupancy without AC.",Hostel
What is the non-AC quadruple-occupancy domestic hostel charge at NIU?,"NIU's hostel page lists ₹1,10,000 for domestic/SAARC boys and girls quadruple occupancy without AC.",Hostel
What is the eligibility for Online B.Com (Hons.)?,Online B.Com (Hons.) requires 10+2 or an equivalent examination from a recognised board.,Online / ERP / LMS
What is the duration of Online BBA at NIU?,Online BBA is 3 years and 6 semesters.,Online / ERP / LMS
Are NIU Online degrees valid for jobs and higher studies?,NIU states that its UGC-recognised online degrees carry the same academic standing as its on-campus degrees and are accepted for employment and further studies.,Online / ERP / LMS
Are NIU Online degrees UGC-recognised?,Yes. NIU states that its online programmes are UGC-recognised.,Online / ERP / LMS
Are NIU Online degrees UGC-entitled?,NIU Online states that its online degrees are UGC-entitled.,Online / ERP / LMS
Is NIU Online completely online?,"Yes. NIU states that classes, study material, assessments and examinations for its online programmes are delivered online.",Online / ERP / LMS
Does NIU provide online learning resources?,Yes. NIU lists online learning resources including NIU Online and NIUMOOCS.,Online / ERP / LMS
Does NIU have an online learning platform?,Yes. NIU lists NIU Online and NIUMOOCS among its online learning resources.,Online / ERP / LMS
What are the eligibility requirements for Online B.Com (Hons.)?,Online B.Com (Hons.) requires 10+2 or an equivalent examination from a recognised board.,Online / ERP / LMS
Does NIU Online have UGC entitlement for its degrees?,NIU Online states that its online degrees are UGC-entitled.,Online / ERP / LMS
Has UGC entitled the degrees offered through NIU Online?,NIU Online states that its online degrees are UGC-entitled.,Online / ERP / LMS
Are the online degrees offered by NIU UGC-entitled?,NIU Online states that its online degrees are UGC-entitled.,Online / ERP / LMS
Are NIU Online programmes UGC-recognised?,Yes. NIU states that its online programmes are UGC-recognised.,Online / ERP / LMS
Does UGC recognise NIU's online programmes?,Yes. NIU states that its online programmes are UGC-recognised.,Online / ERP / LMS
Are the degrees from NIU Online recognised by UGC?,Yes. NIU states that its online programmes are UGC-recognised.,Online / ERP / LMS
Does NIU Online offer BBA?,Yes. NIU Online lists an Online BBA with a 3-year duration and eligibility of 10+2 in any stream from a recognized board.,Online / ERP / LMS
Does NIU Online offer BCA?,Yes. NIU Online lists an Online BCA with a 3-year duration and eligibility of 10+2 or equivalent.,Online / ERP / LMS
Does NIU Online offer B.Com?,Yes. NIU Online lists an Online B.Com with a 3-year duration and eligibility of 10+2 or equivalent.,Online / ERP / LMS
Does NIU Online offer MBA?,Yes. NIU Online lists an Online MBA with a 2-year duration; the online page lists minimum 50% in graduation.,Online / ERP / LMS
Does NIU Online offer MCA?,Yes. NIU Online lists an Online MCA as a 2-year postgraduate programme for graduates from a recognized university.,Online / ERP / LMS
Does NIU Online offer M.Com?,Yes. NIU Online lists M.Com among its postgraduate online programmes.,Online / ERP / LMS
Does NIU Online offer M.Sc Mathematics?,Yes. NIU Online lists M.Sc Mathematics as a 2-year postgraduate programme requiring a bachelor's degree with Mathematics as a compulsory subject.,Online / ERP / LMS
Does NIU Online offer MA Journalism and Mass Communication?,Yes. NIU Online lists MA–JMC as a 2-year postgraduate programme for graduates.,Online / ERP / LMS
Does NIU Online offer MA International Relations?,Yes. NIU Online lists MA–IR as a 2-year postgraduate programme for graduates.,Online / ERP / LMS
Does NIU Online have no entrance exam?,The NIU Online admissions page states that there are no entrance exams for its online admissions process.,Online / ERP / LMS
Does NIU Online offer no-cost EMI options?,"NIU Online states that no-cost EMI options are available, subject to its applicable terms.",Online / ERP / LMS
Does NIU Online have a no-age-limit policy?,NIU Online states 'No Age Limit' among its online-learning features.,Online / ERP / LMS
What selection activities may be used in NIU placements?,"NIU describes activities such as aptitude preparation, technical preparation, HR and technical mock interviews, case-study rounds, group discussions, coding competitions and hackathons.",Placements & Internships
Does NIU offer summer internship opportunities?,NIU's placement information includes summer internship opportunities.,Placements & Internships
Are backlogs allowed for NIU placements?,NIU states that permissible backlogs depend on the recruiting company's policy.,Placements & Internships
Where can I find NIU placement information?,Use NIU's official Placement Department page.,Placements & Internships
Does NIU provide internship opportunities?,"Yes. NIU's placement information includes internships, live projects and industrial training.",Placements & Internships
Does NIU provide placement training?,"Yes. NIU describes workshops, masterclasses, simulations, aptitude preparation, mock interviews, group discussions and other placement-preparation activities.",Placements & Internships
Does NIU have a placement aspiration form?,Yes. NIU requires students in the pre-final semester to submit a Student Aspiration Form.,Placements & Internships
What career support is available in NIU Online?,"NIU Online lists resume workshops, mock interviews, mentoring and placement assistance.",Placements & Internships
What documents may be required for NIU placements?,"NIU lists academic records, certifications, internship records, ID proof and resume among required placement documents.",Placements & Internships
Does NIU Online provide career support?,"Yes. NIU Online lists resume workshops, mock interviews, mentoring and placement assistance.",Placements & Internships
Does NIU support entrepreneurship as an alternative to placement?,Yes. NIU's Student Aspiration Form includes entrepreneurship and family business as career choices.,Placements & Internships
Can disciplinary issues affect placement eligibility?,Yes. NIU states that students debarred on disciplinary grounds or with unsatisfactory behavioral records may be declared ineligible.,Placements & Internships
What attendance is required for NIU placements?,"NIU's placement policy states a minimum 75% attendance requirement for placement participation, subject to programme rules.",Placements & Internships
Does NIU provide online assessment preparation?,Yes. Online-test and assessment preparation is part of placement training.,Placements & Internships
What attendance percentage is referenced in NIU placement policy?,NIU's published placement policy references a minimum 75% attendance requirement.,Placements & Internships
What does the NIU placement department do?,"NIU's Placement Department supports career readiness and employability through industry integration, skill development and personalized student guidance.",Placements & Internships
What are the placement opportunities available in NIU?,"NIU's Placement Department provides career opportunities through industry integration, skill development, internships and final placements across sectors such as IT and Software Development, Healthcare and Biotechnology, Finance, Banking & Insurance, Manufacturing & Core Engineering, Media, Communications & Hospitality, and Retail, E-commerce & Logistics.",Placements & Internships
What attendance percentage is required to participate in NIU placements?,"NIU's placement policy states a minimum 75% attendance requirement for placement participation, subject to programme rules.",Placements & Internships
How much attendance do I need for campus placement at NIU?,"NIU's placement policy states a minimum 75% attendance requirement for placement participation, subject to programme rules.",Placements & Internships
Is there a minimum attendance requirement for NIU placements?,"NIU's placement policy states a minimum 75% attendance requirement for placement participation, subject to programme rules.",Placements & Internships
What minimum attendance does NIU's placement policy require?,NIU's published placement policy references a minimum 75% attendance requirement.,Placements & Internships
Does NIU's placement policy specify an attendance percentage?,NIU's published placement policy references a minimum 75% attendance requirement.,Placements & Internships
What attendance percentage is mentioned in the NIU placement policy?,NIU's published placement policy references a minimum 75% attendance requirement.,Placements & Internships
Which documents are needed for NIU placement registration?,"NIU lists academic records, certifications, internship records, ID proof and resume among required placement documents.",Placements & Internships
What documents should students keep ready for campus placements at NIU?,"NIU lists academic records, certifications, internship records, ID proof and resume among required placement documents.",Placements & Internships
What paperwork may be required during NIU placements?,"NIU lists academic records, certifications, internship records, ID proof and resume among required placement documents.",Placements & Internships
Can students with backlogs participate in NIU placements?,NIU states that permissible backlogs depend on the recruiting company's policy.,Placements & Internships
Does NIU allow backlogs during campus placements?,NIU states that permissible backlogs depend on the recruiting company's policy.,Placements & Internships
Are students with backlogs eligible for NIU placement drives?,NIU states that permissible backlogs depend on the recruiting company's policy.,Placements & Internships
Is a placement aspiration form available at NIU?,Yes. NIU requires students in the pre-final semester to submit a Student Aspiration Form.,Placements & Internships
Does NIU provide a placement aspiration form?,Yes. NIU requires students in the pre-final semester to submit a Student Aspiration Form.,Placements & Internships
Can students get a placement aspiration form at NIU?,Yes. NIU requires students in the pre-final semester to submit a Student Aspiration Form.,Placements & Internships
What placement opportunities are available at NIU?,"NIU's Placement Department provides career opportunities through industry integration, skill development, internships and final placements across sectors such as IT and Software Development, Healthcare and Biotechnology, Finance, Banking & Insurance, Manufacturing & Core Engineering, Media, Communications & Hospitality, and Retail, E-commerce & Logistics.",Placements & Internships
What career opportunities does NIU provide through its placement department?,"NIU's Placement Department provides career opportunities through industry integration, skill development, internships and final placements across sectors such as IT and Software Development, Healthcare and Biotechnology, Finance, Banking & Insurance, Manufacturing & Core Engineering, Media, Communications & Hospitality, and Retail, E-commerce & Logistics.",Placements & Internships
What kinds of placement opportunities are available at NIU?,"NIU's Placement Department provides career opportunities through industry integration, skill development, internships and final placements across sectors such as IT and Software Development, Healthcare and Biotechnology, Finance, Banking & Insurance, Manufacturing & Core Engineering, Media, Communications & Hospitality, and Retail, E-commerce & Logistics.",Placements & Internships
What is the latest overall placement percentage published by NIU?,NIU's Placement Record reports 81% overall placement status for 2023–24.,Placements & Internships
What was NIU's overall placement percentage in 2022–23?,NIU's Placement Record reports 86% overall placement status for 2022–23.,Placements & Internships
What is the minimum attendance requirement for NIU campus placement participation?,NIU's placement information states a minimum 75% attendance requirement for placement participation.,Placements & Internships
Does NIU follow a one-student-one-job placement policy?,Yes. NIU states that it follows a 'ONE STUDENT ONE JOB' policy for campus placements.,Placements & Internships
Are transport fees paid yearly?,Yes. NIU states that transportation fees are paid yearly.,Transport
Are hostel and transport charges separate from tuition?,"Yes. NIU's published scholarship conditions distinguish tuition from hostel, transport and other charges.",Transport
Does NIU provide transport from Delhi?,Yes. NIU operates routes serving Delhi and nearby areas; students should check the current route list for the applicable stop and fee.,Transport
Does NIU provide transport facilities?,Yes. NIU operates AC and non-AC buses on various routes. Transport-related issues can be reported to transport@niu.edu.in.,Transport
Does NIU transport cover Ghaziabad?,NIU's published routes include Ghaziabad-area stops.,Transport
What areas are covered by NIU transport?,"NIU states that its bus routes cover areas including the Badarpur border toward Delhi, Ghaziabad, Sahibabad, Vaishali, Vasundhra and other routes.",Transport
Does NIU transport include non-AC buses?,Yes. NIU operates non-AC buses on various routes.,Transport
How can I contact NIU transport services?,NIU lists transport@niu.edu.in for transport-service issues and lists a transport in-charge contact on its transport page.,Transport
Does NIU provide transport?,"Yes. NIU operates AC and non-AC buses on various routes covering areas including Delhi, Ghaziabad, Sahibabad, Vaishali and Vasundhra. Transportation fees and route details are published by NIU.",Transport
Does NIU charge transport fees annually?,Yes. NIU states that transportation fees are paid yearly.,Transport
Are NIU transport fees paid once a year?,Yes. NIU states that transportation fees are paid yearly.,Transport
How often are transport fees paid at NIU?,Yes. NIU states that transportation fees are paid yearly.,Transport
Are hostel and transport fees separate from NIU tuition fees?,"Yes. NIU's published scholarship conditions distinguish tuition from hostel, transport and other charges.",Transport
Do students pay hostel and transport charges in addition to tuition?,"Yes. NIU's published scholarship conditions distinguish tuition from hostel, transport and other charges.",Transport
Are accommodation and transport charges included in the tuition fee?,"Yes. NIU's published scholarship conditions distinguish tuition from hostel, transport and other charges.",Transport
What is the contact information for NIU transport services?,NIU lists transport@niu.edu.in for transport-service issues and lists a transport in-charge contact on its transport page.,Transport
How do I contact the NIU transport department?,NIU lists transport@niu.edu.in for transport-service issues and lists a transport in-charge contact on its transport page.,Transport
Where can I get help with NIU transport services?,NIU lists transport@niu.edu.in for transport-service issues and lists a transport in-charge contact on its transport page.,Transport
Is transport available at NIU?,"Yes. NIU operates AC and non-AC buses on various routes covering areas including Delhi, Ghaziabad, Sahibabad, Vaishali and Vasundhra. Transportation fees and route details are published by NIU.",Transport
Can students get transport at NIU?,"Yes. NIU operates AC and non-AC buses on various routes covering areas including Delhi, Ghaziabad, Sahibabad, Vaishali and Vasundhra. Transportation fees and route details are published by NIU.",Transport
Can I apply for more than one NIU programme?,Applicants can enquire/apply for programmes according to NIU's current application rules and programme availability.,Admissions & Eligibility
Can I request a change of academic programme after admission?,NIU provides an official Application for Change of Academic Programme form; approval is subject to the university's process.,Admissions & Eligibility
Does every NIU programme have the same entrance requirement?,"No. Admission requirements vary by programme and may include NSAT, GD/PI, CUET, JEE or other applicable criteria.",Admissions & Eligibility
Can admission requirements differ by school?,"Yes. Programme and school-specific eligibility can differ, so applicants should check the current course page.",Admissions & Eligibility
What is the eligibility for Diploma in Electrical Engineering?,The course page lists 10th pass with Science and Mathematics as compulsory subjects.,Admissions & Eligibility
Is it possible to change my academic programme after joining NIU?,NIU provides an official Application for Change of Academic Programme form; approval is subject to the university's process.,Admissions & Eligibility
Does NIU allow students to change their academic programme after admission?,NIU provides an official Application for Change of Academic Programme form; approval is subject to the university's process.,Admissions & Eligibility
Is it possible to change my academic programme after admission?,NIU provides an official Application for Change of Academic Programme form; approval is subject to the university's process.,Admissions & Eligibility
Does NIU conduct an aptitude test for every programme?,No. The applicable selection route depends on the programme; NIU lists NSAT and other entrance/selection routes for applicable programmes.,Courses & Programs
Is personal interview required for all NIU programmes?,No. GD/PI requirements vary by programme and the current admission rules.,Courses & Programs
How many courses does NIU offer?,"NIU's website describes more than 75 courses/programs, with the exact number varying by the current program listing.",Courses & Programs
How many schools does NIU have?,"NIU's current Schools page describes 13 schools offering 75+ multidisciplinary courses. Some newer 2026–27 programme pages may present a different school count, so applicants should refer to the latest NIU programme listing for the current count.",Courses & Programs
Does NIU offer B.Sc. Computer Science?,Yes. NIU's 2026-27 fee structure lists B.Sc. (Hons.) Computer Science.,Courses & Programs
Does NIU offer BCA Data Science with HCL Guvi?,Yes. NIU's 2026-27 fee structure lists BCA – Data Science with HCL Guvi.,Courses & Programs
What schools are available at NIU?,"NIU's website lists schools including Engineering & Technology, Business Management, Law & Legal Affairs, Allied Health Sciences, Nursing, Liberal Arts, Journalism & Mass Communication, Pharmacy, Sciences, Education, Fine Arts & Design, and Aviation & Hospitality Management.",Courses & Programs
Where can I find NIU course information?,Use NIU's official Courses & Fee Structure page.,Courses & Programs
What is the duration of Diploma in Electrical Engineering at NIU?,Diploma in Electrical Engineering is listed as a 3-year programme.,Courses & Programs
Does NIU offer B.Sc. Forensic Science?,Yes. NIU lists B.Sc. (Hons.) Forensic Science.,Courses & Programs
Does NIU offer B.Sc. Agriculture?,Yes. NIU lists B.Sc. (Hons.) Agriculture.,Courses & Programs
Does NIU offer M.Sc. Computer Science?,Yes. NIU lists M.Sc. Computer Science as a 2-year postgraduate programme.,Courses & Programs
Does NIU offer BA Political Science?,Yes. NIU lists Bachelor of Arts (Hons) Political Science.,Courses & Programs
What education programmes does NIU list?,"NIU lists B.Ed., M.A. Education and Ph.D. in Education programmes in Teacher Education.",Courses & Programs
Can you confirm whether NIU conduct an aptitude test for every programme?,No. The applicable selection route depends on the programme; NIU lists NSAT and other entrance/selection routes for applicable programmes.,Courses & Programs
Does NIU currently conduct an aptitude test for every programme?,No. The applicable selection route depends on the programme; NIU lists NSAT and other entrance/selection routes for applicable programmes.,Courses & Programs
I'd like to know whether NIU conduct an aptitude test for every programme.,No. The applicable selection route depends on the programme; NIU lists NSAT and other entrance/selection routes for applicable programmes.,Courses & Programs
Is bca data science with hcl guvi available at NIU?,Yes. NIU lists BCA – Data Science with HCL GUVI.,Courses & Programs
Does NIU provide bca data science with hcl guvi?,Yes. NIU lists BCA – Data Science with HCL GUVI.,Courses & Programs
Can students get bca data science with hcl guvi at NIU?,Yes. NIU lists BCA – Data Science with HCL GUVI.,Courses & Programs
Do scholarship rules apply throughout the whole course?,Scholarship terms depend on the specific scholarship; applicants should check the current scholarship conditions for the applicable session.,Fees & Scholarships
Is the scholarship available for the whole programme?,"The standard 2026–27 fee-structure scholarship is stated as applicable to first-year tuition. Some separate scholarship schemes may have different terms, so the applicable scheme should be checked.",Fees & Scholarships
Can programme fees change between academic sessions?,"Yes. Fees are session-specific, so students should check the latest official fee structure before admission.",Fees & Scholarships
What is the listed fee for M.Tech Electrical Engineering?,"The 2026-27 course page lists the full course fee for M.Tech Electrical Engineering as ₹1,62,600.",Fees & Scholarships
What is the fee for Diploma in Electrical Engineering?,"The 2026-27 course page lists the full course fee for Diploma in Electrical Engineering as ₹2,16,400.",Fees & Scholarships
What is the listed full course fee for MBA?,"The NIU school listing gives a full course fee of ₹6,70,000 for the listed MBA programme.",Fees & Scholarships
What is the listed fee for BCA Data Science with HCL GUVI?,"The NIU school listing gives the full course fee for BCA Data Science with HCL GUVI as ₹4,56,000.",Fees & Scholarships
Can NIU programme fees change between academic sessions?,"Yes. Fees are session-specific, so students should check the latest official fee structure before admission.",Fees & Scholarships
Can programme fees change from one NIU academic session to another?,"Yes. Fees are session-specific, so students should check the latest official fee structure before admission.",Fees & Scholarships
Are NIU programme fees subject to change between academic sessions?,"Yes. Fees are session-specific, so students should check the latest official fee structure before admission.",Fees & Scholarships
Could you explain the listed full course fee for mba?,"The NIU school listing gives a full course fee of ₹6,70,000 for the listed MBA programme.",Fees & Scholarships
Can you tell me about the listed full course fee for mba?,"The NIU school listing gives a full course fee of ₹6,70,000 for the listed MBA programme.",Fees & Scholarships
I'd like to know about the listed full course fee for mba.,"The NIU school listing gives a full course fee of ₹6,70,000 for the listed MBA programme.",Fees & Scholarships
Does an NIU scholarship remain valid for the entire course?,Scholarship terms depend on the specific scholarship; applicants should check the current scholarship conditions for the applicable session.,Fees & Scholarships
Are scholarship benefits available for all years of an NIU programme?,Scholarship terms depend on the specific scholarship; applicants should check the current scholarship conditions for the applicable session.,Fees & Scholarships
Do NIU scholarship conditions continue throughout the programme?,Scholarship terms depend on the specific scholarship; applicants should check the current scholarship conditions for the applicable session.,Fees & Scholarships
What is NIU Online?,"NIU Online is the online education offering of Noida International University, providing UGC-recognised online undergraduate and postgraduate degrees.",Online / ERP / LMS
What is the programme length for Online BCA?,Online BCA is 3 years and 6 semesters.,Online / ERP / LMS
What was the 2023–24 placement percentage for the School of Business Management?,NIU's Placement Record reports 81% for the School of Business Management for 2023–24.,Placements & Internships
What was the 2023–24 placement percentage for the School of Fine Arts & Design?,NIU's Placement Record reports 63% for the School of Fine Arts & Design for 2023–24.,Placements & Internships
What was the 2023–24 placement percentage for the School of Journalism and Mass Communication?,NIU's Placement Record reports 100% for the School of Journalism and Mass Communication for 2023–24.,Placements & Internships
What was the 2023–24 placement percentage for the School of Nursing?,NIU's Placement Record reports 83% for the School of Nursing for 2023–24.,Placements & Internships
What was the 2023–24 placement percentage for the School of Law and Legal Affairs?,NIU's Placement Record reports 72% for the School of Law and Legal Affairs for 2023–24.,Placements & Internships
What is the highest package and average package shown for NIU's School of Business Management?,NIU's School of Business Management page shows a 14.04 LPA highest package and a 6.28 LPA average package for the school.,Placements & Internships
What qualifications are needed for Ph.D. programmes in engineering and technology?,NIU's 2026-27 course page lists minimum 55% marks in a Master's degree with relevant subjects for Ph.D. programmes.,Admissions & Eligibility
Who is eligible for Ph.D. programmes in engineering and technology?,NIU's 2026-27 course page lists minimum 55% marks in a Master's degree with relevant subjects for Ph.D. programmes.,Admissions & Eligibility
What is the duration of Diploma in Computer Science Engineering?,Diploma in Computer Science & Engineering is listed as a 3-year programme.,Courses & Programs
What does the School of Engineering and Technology focus on?,"NIU's School of Engineering and Technology describes a focus on education, research, innovation, practical learning, transdisciplinary learning and industry relationships.",Courses & Programs
Does the School of Sciences offer B.Sc. Biotechnology?,Yes. NIU's School of Sciences lists B.Sc. (Hons.) Biotechnology as a 3- or 4-year undergraduate programme.,Courses & Programs
Does the School of Sciences offer B.Sc. Microbiology?,Yes. NIU's School of Sciences lists B.Sc. (Hons.) Microbiology as a 3- or 4-year undergraduate programme.,Courses & Programs
Does the School of Sciences offer B.Sc. Forensic Science?,Yes. NIU's School of Sciences lists B.Sc. (Hons.) Forensic Science as a 3- or 4-year undergraduate programme.,Courses & Programs
What qualifications are needed for B.Tech lateral entry?,The 2026-27 course page lists minimum 50% marks in a Diploma in Engineering or B.Sc. for B.Tech lateral entry.,Admissions & Eligibility
Who is eligible for B.Tech lateral entry?,The 2026-27 course page lists minimum 50% marks in a Diploma in Engineering or B.Sc. for B.Tech lateral entry.,Admissions & Eligibility
How long is the BTech CSE AI and ML program?,NIU's 2026-27 course page lists the B.Tech CSE AI & ML program as four years.,Courses & Programs
Is NIIMS a multispecialty hospital?,Yes. NIU describes NIIMS as a multispecialty medical college and hospital.,Medical / NIIMS
Does NIIMS support clinical training?,Yes. NIU describes hands-on clinical exposure and clinical training through NIIMS for relevant healthcare programs.,Medical / NIIMS
Does NIIMS have Paediatrics?,Yes. Paediatrics is listed among NIIMS departments.,Medical / NIIMS
How many beds does NIIMS Hospital have?,"NIU's current homepage describes NIIMS as a 900+ bedded hospital. Older NIU pages show different figures, so the latest official page should be checked for the current count.",Medical / NIIMS
Does NIIMS provide pathology lab services?,Yes. NIU lists 24/7 pathology laboratory testing services.,Medical / NIIMS
Does NIIMS have ICU facilities?,"Yes. NIU lists ICU, Coronary ICU and pediatric ICU facilities.",Medical / NIIMS
Does NIIMS provide ultrasound services?,Yes. NIU lists ultrasound services.,Medical / NIIMS
Does NIIMS have Orthopedics?,Yes. Orthopedics is listed among NIIMS departments.,Medical / NIIMS
Does NIIMS have Psychiatry?,Yes. Psychiatry is listed among NIIMS departments.,Medical / NIIMS
Does NIIMS provide 24x7 ambulance service?,Yes. NIU lists 24/7 ambulance services.,Medical / NIIMS
What is the fee structure for B.Tech at NIU?,"For 2026-27, NIU lists programme-wise full course fees for B.Tech. Fees vary by specialization: CSE ₹7,07,700; CSE AI & ML ₹7,47,700; Cyber Security ₹7,69,000; Data Science with HCL GUVI ₹7,83,700; Robotics Technology ₹7,47,700; Biotechnology ₹5,89,000; Mechanical Engineering ₹5,89,000; Civil Engineering ₹5,69,000; and Electrical Engineering ₹5,89,000. Lateral-entry B.Tech fees are listed separately by entry category and branch.",Fees & Scholarships
Does NIU publish bus timings?,Yes. NIU's transport page publishes route-wise stop timings.,Transport
Where can I find NIU examination schedules?,NIU provides Examination Notices and Examination Schedule sections under Academics.,Examinations
What campus facilities are available at NIU?,"NIU provides a range of campus facilities including sports facilities, a cafeteria, gymnasium and fitness facilities, a library, and campus-life facilities such as events and activities.","Campus & Facilities"
